{
  "0": {
    "precision": 0.6985294117647058,
    "recall": 0.7661290322580645,
    "f1-score": 0.7307692307692307,
    "support": 124.0
  },
  "1": {
    "precision": 0.75,
    "recall": 0.6796875,
    "f1-score": 0.7131147540983607,
    "support": 128.0
  },
  "accuracy": 0.7222222222222222,
  "macro avg": {
    "precision": 0.7242647058823529,
    "recall": 0.7229082661290323,
    "f1-score": 0.7219419924337958,
    "support": 252.0
  },
  "weighted avg": {
    "precision": 0.7246732026143791,
    "recall": 0.7222222222222222,
    "f1-score": 0.7218018775395825,
    "support": 252.0
  }
}